{"0": 0.8002600079527399, "1": 0.6187946563341479, "2": 0.788826140766246, "3": 0.7950934577119272, "4": 0.786183100993611, "5": 0.7076372997858679, "6": 0.4619855326347377, "7": 0.6109511402826578, "8": 0.7587049382871923, "9": 0.6934675782866586, "10": 0.6754236729704254, "11": 0.6549159163229515, "12": 0.7362177510047051, "13": 0.7801934804456409, "14": 0.8474744047797756, "15": 0.7683184795083681, "16": 0.6937397764925316, "17": 0.6617650119788641, "18": 0.7463758554293448, "19": 0.6868410658131022, "20": 0.6324776386295955, "21": 0.7126156157963005, "22": 0.5819757988174091, "23": 0.7692022134543809, "24": 0.7403745695286648, "25": 0.5946394046947377, "26": 0.6308890646844967, "27": 0.2607827959220197, "28": 0.6654609934946032, "29": 0.6300183747636371, "30": 0.7149171295809181, "31": 0.7148340375349563}