{"0": 32.941212139809835, "1": 34.75091962954124, "2": 39.024779699132104, "3": 31.603311730347457, "4": 32.05703380100213, "5": 33.41058527716293, "6": 27.36155082880089, "7": 32.98208387207707, "8": 34.125740969953576, "9": 36.785405132953734, "10": 31.475262977572783, "11": 33.38648012103411, "12": 33.14253433541938, "13": 34.776865087396814, "14": 34.40879993365526, "15": 37.05742084801478, "16": 33.745831266108006, "17": 31.498494383905765, "18": 31.6794361536546, "19": 28.029027153928503, "20": 32.41142147526865, "21": 30.838455090483432, "22": 32.18279147326571, "23": 34.62981367732975, "24": 32.044524915051305, "25": 30.537854486025424, "26": 36.311169474128384, "27": 29.008671077239807, "28": 34.424284947130815, "29": 33.82431817008438, "30": 32.234315231291035, "31": 32.27627018448346}