{"0": 0.8876442093973337, "1": 0.9151192722093119, "2": 0.9010673353370843, "3": 0.8724787892383151, "4": 0.859958988981051, "5": 0.8593687436058928, "6": 0.7135214207785445, "7": 0.8754257393331777, "8": 0.8754323132419066, "9": 0.845836821180031, "10": 0.8430725937562472, "11": 0.8738636816545219, "12": 0.896644958593931, "13": 0.8832977743277705, "14": 0.9043100601848262, "15": 0.903501626203088, "16": 0.8718422409051382, "17": 0.8759646561692837, "18": 0.8458995297571447, "19": 0.8402425611010814, "20": 0.8524826055982869, "21": 0.8500909092764982, "22": 0.8416809493235932, "23": 0.9144575361549224, "24": 0.8769049231598244, "25": 0.8344461372870781, "26": 0.9145233801000886, "27": 0.7816176218629761, "28": 0.8750114072359446, "29": 0.8291723859927403, "30": 0.8448281376080239, "31": 0.8755820220451619}