{"0": 22.11676579407274, "1": 16.47476811887855, "2": 20.64822028332081, "3": 22.39689405329067, "4": 23.97423787215686, "5": 17.265383809710816, "6": 15.121787156164576, "7": 15.876514633259678, "8": 21.93544254187553, "9": 19.860084648852293, "10": 17.9923834675199, "11": 17.499018168281914, "12": 19.581559793479705, "13": 20.91567740906357, "14": 22.91865990742485, "15": 20.694405625098625, "16": 18.851100120515, "17": 16.562865109741768, "18": 21.934797956542415, "19": 18.27926985811562, "20": 15.736209880343042, "21": 18.96377154564878, "22": 15.48591921747445, "23": 19.309416656497856, "24": 20.210125526468147, "25": 15.90818926111619, "26": 18.04649521895632, "27": 13.696886109355935, "28": 17.440744803692102, "29": 17.607632294235323, "30": 19.69473268472223, "31": 19.201424799696444}