{"0": 33.35671137983617, "1": 36.73435701029197, "2": 39.36700892667191, "3": 33.47275168845148, "4": 33.60036003618841, "5": 35.68886212102033, "6": 29.627333916047146, "7": 34.91500365981403, "8": 36.12742064744978, "9": 37.1855959886754, "10": 34.93382799763166, "11": 36.23339348907509, "12": 35.337360970033565, "13": 39.70695779901152, "14": 36.106750974862685, "15": 36.97241846995, "16": 35.52619015933409, "17": 33.095559188748126, "18": 32.965779743294995, "19": 31.87707330660311, "20": 33.2290718519704, "21": 34.13867927057361, "22": 34.301565212770114, "23": 37.27723421615653, "24": 34.11143069293474, "25": 32.06532083673213, "26": 39.64863249257048, "27": 32.285874339539276, "28": 37.12060602329344, "29": 35.48806793210543, "30": 34.36983941434757, "31": 33.265479838250315}