{"0": 0.949590910086764, "1": 0.9813835289854328, "2": 0.9927399764182284, "3": 0.9567684614698817, "4": 0.9642413616888877, "5": 0.9778973998614019, "6": 0.9279448434797365, "7": 0.9630267539243085, "8": 0.9819345162461272, "9": 0.9663908963705653, "10": 0.9350478994557444, "11": 0.9702900209038289, "12": 0.9588490469902059, "13": 0.9685224776235152, "14": 0.9628154527193177, "15": 0.9511121169615763, "16": 0.9852142403329878, "17": 0.9595529684302008, "18": 0.963408780116268, "19": 0.9030275994609838, "20": 0.9740080720822025, "21": 0.9401192889923052, "22": 0.9801356499337087, "23": 0.9757262254314317, "24": 0.9630013310272796, "25": 0.9381242266519584, "26": 0.8885999750147474, "27": 0.8837612265722429, "28": 0.986613203906855, "29": 0.9585019076345903, "30": 0.9525390242179362, "31": 0.9544766228234337}