{"0": 0.6022350187324813, "1": 0.7939570801747383, "2": 0.8386712234013988, "3": 0.6467099344117047, "4": 0.6478390878421999, "5": 0.755661850250594, "6": 0.48700595242015093, "7": 0.7561819300777365, "8": 0.6330924980934769, "9": 0.6694703357427599, "10": 0.5862337987677664, "11": 0.6548247259101552, "12": 0.7271011620758624, "13": 0.7757564507430782, "14": 0.7446794100261824, "15": 0.7020587398459973, "16": 0.6871479585087267, "17": 0.6974757904796566, "18": 0.582101290778563, "19": 0.49861074552584744, "20": 0.5735612187621991, "21": 0.5369714907370841, "22": 0.6768328103593947, "23": 0.7689372723113084, "24": 0.6122973815930998, "25": 0.637447969617577, "26": 0.7304784512490355, "27": 0.4581757826285977, "28": 0.7199160769285768, "29": 0.6259321290250832, "30": 0.6179041889172446, "31": 0.6700916838044102}