{"0": 0.9425508760571558, "1": 0.9947574520297633, "2": 0.9922160843773441, "3": 0.9563744248901024, "4": 0.9677699170448321, "5": 0.9781446828494899, "6": 0.9283100294634693, "7": 0.9689719714454507, "8": 0.9795773476610191, "9": 0.9567024948932984, "10": 0.9648946028603779, "11": 0.9547644057325003, "12": 0.9804975414994898, "13": 0.9496557728216016, "14": 0.9692508048124462, "15": 0.9550030062506213, "16": 0.9818360907186826, "17": 0.9660911858345296, "18": 0.957132583766254, "19": 0.8892448546992237, "20": 0.9492549153288592, "21": 0.9561531187305943, "22": 0.9701943746059903, "23": 0.9701673575696784, "24": 0.9393276068493609, "25": 0.9507980553431551, "26": 0.9561457696276975, "27": 0.8554028355989209, "28": 0.9854473827546957, "29": 0.9360247016787099, "30": 0.9540402721327624, "31": 0.9603618461861977}