{"0": 24.001121489940616, "1": 28.56550281003492, "2": 25.586523855968938, "3": 22.85791402457345, "4": 25.06893895734637, "5": 24.489631967327487, "6": 20.499629928728588, "7": 19.359659684241667, "8": 26.177195727728343, "9": 24.79353085110086, "10": 25.558583664611803, "11": 22.23123234177105, "12": 23.90352977263202, "13": 20.979737849326714, "14": 25.944919485809343, "15": 21.086852612491693, "16": 23.31400121700596, "17": 21.55160104518908, "18": 23.6862089222983, "19": 19.16477639078852, "20": 19.714240960559454, "21": 23.98869935441172, "22": 19.305747498246117, "23": 23.303591806140275, "24": 22.202199169236117, "25": 21.201741818534423, "26": 28.814619697777548, "27": 17.982458693570905, "28": 25.65655025252612, "29": 21.553137165157086, "30": 23.629391239006992, "31": 22.530667616587913}