{"0": 17.919486383746744, "1": 19.75151768168654, "2": 20.004696208637156, "3": 17.391323223577878, "4": 19.98056953977148, "5": 20.342887088887302, "6": 17.3088909756054, "7": 18.59052446116153, "8": 20.825216404480813, "9": 21.44792022797882, "10": 20.282268398203392, "11": 17.797080122039667, "12": 18.704515458949476, "13": 19.976020496878633, "14": 20.165910279620668, "15": 21.023628749527, "16": 18.713165996558576, "17": 16.601331767056543, "18": 18.469845847865145, "19": 13.571278168215478, "20": 11.478272629596464, "21": 17.809231808823643, "22": 17.224115083064113, "23": 17.476892700174368, "24": 15.383209924321402, "25": 17.922924799623424, "26": 21.7755211036426, "27": 12.837262260489258, "28": 19.704368721988192, "29": 18.997766283589048, "30": 17.134139433091725, "31": 16.830502885563323}