{"0": 27.359635982494503, "1": 33.48558246873334, "2": 31.944592106035444, "3": 26.25618288372369, "4": 28.40992880531695, "5": 28.49813644709935, "6": 23.799948026044806, "7": 27.640110279970926, "8": 29.4179603970969, "9": 28.78810575420858, "10": 29.15280280038179, "11": 26.540626889055932, "12": 29.112392848418025, "13": 27.60886969654317, "14": 30.06970871466507, "15": 29.860351070405315, "16": 28.028087653895874, "17": 26.668304011515403, "18": 26.954637359185362, "19": 22.649788621969137, "20": 23.907227576294577, "21": 27.571849301847415, "22": 25.866600392950666, "23": 27.588553329169056, "24": 25.407765265786026, "25": 25.911125372121955, "26": 32.04978655664415, "27": 21.310948141219676, "28": 31.248375229148905, "29": 26.12874290002541, "30": 27.27180916312731, "31": 26.88771100975231}