{"0": 0.6937458501367949, "1": 0.8240150658366948, "2": 0.7637085352707041, "3": 0.6808700995268594, "4": 0.7013276262219561, "5": 0.7010249106838468, "6": 0.4951261097911576, "7": 0.6353754631908403, "8": 0.690351357550249, "9": 0.6725832678637401, "10": 0.7041289409968233, "11": 0.6724505953340575, "12": 0.7310398673679538, "13": 0.7475354327541681, "14": 0.7929754997050925, "15": 0.7169183784252281, "16": 0.6658846969636975, "17": 0.6946368017007467, "18": 0.6516545882311473, "19": 0.6191186401226367, "20": 0.6950219239088673, "21": 0.6921624899833018, "22": 0.6002132666102996, "23": 0.7780982261234476, "24": 0.6833203252891272, "25": 0.6245683949687806, "26": 0.8166517243991332, "27": 0.508367286468266, "28": 0.678482069774026, "29": 0.6056868122697268, "30": 0.7021936712750426, "31": 0.7061817813943941}