{"0": 0.308135169126082, "1": 0.5695848434311674, "2": 0.6923061083554707, "3": 0.36906553606842984, "4": 0.41249545985462555, "5": 0.6195237013465831, "6": 0.3038762991494353, "7": 0.6686559662322996, "8": 0.3778691986993333, "9": 0.5328961272010209, "10": 0.4234701220954456, "11": 0.4978094050840675, "12": 0.555522123055786, "13": 0.7256541594254361, "14": 0.49662474189703215, "15": 0.5502192605864217, "16": 0.4838172693351412, "17": 0.5203346503692006, "18": 0.34722052922842134, "19": 0.26477146756182884, "20": 0.2411433588145354, "21": 0.28670830363797223, "22": 0.539833424554998, "23": 0.552670024116663, "24": 0.31289058577944356, "25": 0.5141136329559813, "26": 0.6754072763275308, "27": 0.3145397745385939, "28": 0.5754153520405001, "29": 0.5167415082242227, "30": 0.4010763891036008, "31": 0.43889086844689223}