{"0": 23.201305613789152, "1": 19.032794114762265, "2": 25.570922595133037, "3": 22.55063293597673, "4": 24.839513798265887, "5": 24.864039025543487, "6": 20.760222717008567, "7": 23.75080435231184, "8": 25.897980037733465, "9": 25.40145762554479, "10": 21.955923122617342, "11": 22.235266887290233, "12": 23.504193887979746, "13": 22.56309744421211, "14": 23.201238416680777, "15": 25.995130339894217, "16": 23.256702777411675, "17": 21.934982079921454, "18": 23.318756974000422, "19": 18.126451634749493, "20": 17.31402400880932, "21": 20.627606679896008, "22": 21.911755962182905, "23": 22.627416481503857, "24": 21.210052035058617, "25": 22.144560930472068, "26": 22.86492355225262, "27": 15.299449594197501, "28": 24.251252407153537, "29": 22.782241496306263, "30": 20.55938992386227, "31": 21.98869224652111}