{"0": 0.9819074147864987, "1": 0.9957170382675008, "2": 0.9986035749199217, "3": 0.9851276659250124, "4": 0.9853474307313381, "5": 0.9920912248112647, "6": 0.9628222522407451, "7": 0.9886156528837069, "8": 0.9928093095039104, "9": 0.9931571232583584, "10": 0.9719017988207738, "11": 0.987247522912364, "12": 0.9907632168222936, "13": 0.9868019639486846, "14": 0.9877173946913776, "15": 0.9877287488097383, "16": 0.9950929683581639, "17": 0.9861019934722078, "18": 0.9842874055156857, "19": 0.9534648555799009, "20": 0.9912470329213137, "21": 0.9757492889811773, "22": 0.992313259354498, "23": 0.992815191495874, "24": 0.9854559448780824, "25": 0.9786348623332026, "26": 0.9695913722825823, "27": 0.9718597114549142, "28": 0.9922295768010759, "29": 0.9835082507408198, "30": 0.9805856948913053, "31": 0.9858935212752463}