{"0": 18.9645292902812, "1": 18.43442903959187, "2": 19.51791540997122, "3": 17.483235425973405, "4": 20.869829612937536, "5": 21.287668750997245, "6": 18.03263094599148, "7": 20.33796735686774, "8": 21.536132528112102, "9": 22.176240825340653, "10": 20.354813189553454, "11": 17.966483144090148, "12": 19.30154809031825, "13": 20.24821473258877, "14": 19.195103961217125, "15": 21.73193707902252, "16": 19.123948294227052, "17": 18.04091117518613, "18": 19.4479819106318, "19": 15.012127970580359, "20": 12.673869735835408, "21": 19.294130930075177, "22": 18.339272407674116, "23": 17.463779159339833, "24": 16.124358176810915, "25": 18.78233139922264, "26": 22.183611555806447, "27": 15.12119936520261, "28": 19.78677354099436, "29": 20.28231990325716, "30": 17.45793383842362, "31": 17.272264810160834}