{"0": 0.2991871635101469, "1": 0.5351174647556541, "2": 0.5986166129529455, "3": 0.37046409239316375, "4": 0.400678407405943, "5": 0.5372089474280375, "6": 0.27016038801429615, "7": 0.5685280099403853, "8": 0.3407945159399815, "9": 0.4970839850891069, "10": 0.37032502784245064, "11": 0.4350660939267003, "12": 0.49240653260153017, "13": 0.6633369862389829, "14": 0.5125457132652723, "15": 0.49322563996553304, "16": 0.4414268321868624, "17": 0.4511096955817549, "18": 0.32227563804916026, "19": 0.22858536786334693, "20": 0.1915757568603078, "21": 0.2949818542457304, "22": 0.4400915930807348, "23": 0.504435974966392, "24": 0.29238555553713935, "25": 0.43353818715857556, "26": 0.5635081124107785, "27": 0.1510550785151316, "28": 0.47346378722645993, "29": 0.4505927203561584, "30": 0.3596504651205121, "31": 0.3830070809110027}