{"0": 28.511419899013312, "1": 25.24463064417485, "2": 25.699106164555026, "3": 26.91020453142421, "4": 28.82205933662144, "5": 27.125779132183993, "6": 21.69698443870825, "7": 25.285092703914277, "8": 29.014579792362277, "9": 26.935903899911153, "10": 23.627106100962543, "11": 27.440475095317815, "12": 28.776099361224805, "13": 24.405681674042157, "14": 25.935315834502134, "15": 31.157897288957027, "16": 26.931499617799666, "17": 26.688498777526164, "18": 27.610650364414383, "19": 23.953737709477174, "20": 21.939137804559458, "21": 22.74396370348304, "22": 25.49175604483259, "23": 27.46373101716945, "24": 26.201444763753578, "25": 26.14516122061017, "26": 24.63846319988729, "27": 16.91537622496456, "28": 23.714403183062053, "29": 26.343563921229467, "30": 22.963002641396525, "31": 26.645744581928188}